"Test 1","Test 1"
"Test","Test"
"Hello","Hello"
"<strong>Hello</strong>","<strong>Hello</strong>"
"Test","Test"
"Test","Test"
"Test","Test"
"Test 1","Test 1"
"Test 1","Test 1"
"Test","Test"
"Test","Test"
"Test","Test"
"Test","Test"
"Test","Test"
"Test","Test"
"Test 1111111","Test 1111111"
"Test 22222222","Test 22222222"
"Test 1","Test 1"
"Test 1111111","Test 1111111"
"Test 22222222","Test 22222222"
"Test 1111111","Test 1111111"
"Test 22222222","Test 22222222"
"Test 1111111","Test 1111111"
"Test 22222222","Test 22222222"
"Test 1111111","Test 1111111"
"Test 22222222","Test 22222222"
"Test 22222222","Test 22222222"
"Test 1111111","Test 1111111"
"Test 22222222","Test 22222222"
